{"cameraMode":{"drawMode":0,"name":"Shaded","section":"Shading Mode"},"sceneLighting":true,"audioPlay":false,"sceneViewState":{"m_AlwaysRefresh":false,"showFog":true,"showSkybox":true,"showFlares":true,"showImageEffects":true,"showParticleSystems":true,"showVisualEffectGraphs":true,"m_FxEnabled":true},"in2DMode":false,"pivot":{"x":0.5358802080154419,"y":2.0375218391418459,"z":1.5488767623901368},"rotation":{"x":-0.2216975837945938,"y":0.044728439301252368,"z":-0.010265089571475983,"w":-0.9739904403686523},"size":0.8660253882408142,"orthographic":false}